Workbook

Sheet R1
D1: R1 | R1: Hydrogen (L) | W1: R1 metabolites in mM
C2: Temps (jours) | D2: Lactose | E2: Glucose | F2: EtOH | G2: Succinate | H2: Lactate | I2: Formate | J2: Butanol | K2: C2 | L2: C3 | M2: IC4 | N2: C4 | O2: IC5 | P2: C5 | Q2: C6 | R2: H2 real (R1) | S2: Accumulated Q | T2: H2 theorical R1) | U2: Yields | W2: Time (days) | X2: EtOH | Y2: Succinate | Z2: Lactate | AA2: Formate | AB2: C2 | AC2: C3 | AD2: C4 | AE2: IC5 | AF2: C5 | AG2: C6 | AH2: IC4
A3: T0 | B3: 44897.625 | C3: 0 | D3: 0.022948718 | E3: 0.0023717949 | F3: 0.16 | G3: 1.1070833 | H3: 0.1974359 | I3: 0.31137821 | J3: 0.0014102564 | K3: 1.2599679 | L3: 0.35051282 | M3: 0.0097435897 | N3: 0.24 | O3: 0.0075320513 | P3: 0.040416667 | Q3: 0.037371795 | R3: 0 | S3: 0 | T3: =((S3*25.27)/(B$14*2)) -> 0 | U3: 0 | W3: =C3 -> 0 | X3: =(F3/46)*1000 -> 3.4782609 | Y3: =(G3/118.09)*1000 -> 9.3749118 | Z3: =(H3/90.08)*1000 -> 2.1917839 | AA3: =(I3/46.03)*1000 -> 6.7646797 | AB3: =(K3/60)*1000 -> 20.999466 | AC3: =(L3/74.08)*1000 -> 4.7315446 | AD3: =(N3/88.11)*1000 -> 2.7238679 | AE3: =(O3/102.13)*1000 -> 0.073749645 | AF3: =(P3/102.13)*1000 -> 0.39573746 | AG3: =(Q3/116.1583)*1000 -> 0.32173159 | AH3: =(M3/88.11)*1000 -> 0.11058438
A4: T1 | B4: 44900.375 | C4: =((B4-$B$3)*24)/24 -> 2.75 | F4: 0.16 | G4: 0.72075 | H4: 0 | I4: 0 | K4: 1.252 | L4: 0.588 | N4: 0.22 | O4: 0.026 | P4: 0.045 | Q4: 0.046 | R4: =332.52/1000 -> 0.33252 | S4: =SUM(Chronoamperometries!K2:K385) -> 3306.606 | T4: =((S4*25.27)/(B$14*2)) -> 0.43300997 | U4: =R4/T4 -> 0.76792688 | W4: =C4 -> 2.75 | X4: =(F4/46)*1000 -> 3.4782609 | Y4: =(G4/118.09)*1000 -> 6.1033957 | Z4: =(H4/90.08)*1000 -> 0 | AA4: =(I4/46.03)*1000 -> 0 | AB4: =(K4/60)*1000 -> 20.866667 | AC4: =(L4/74.08)*1000 -> 7.937365 | AD4: =(N4/88.11)*1000 -> 2.4968789 | AE4: =(O4/102.13)*1000 -> 0.2545775 | AF4: =(P4/102.13)*1000 -> 0.4406149 | AG4: =(Q4/116.1583)*1000 -> 0.39601131 | AH4: =(M4/88.11)*1000 -> 0
A5: T2 | B5: 44901.375 | C5: =((B5-$B$3)*24)/24 -> 3.75 | F5: =AVERAGE(F4,F6) -> 0.155 | G5: =AVERAGE(G4,G6) -> 0.367 | H5: =AVERAGE(H4,H6) -> 0 | I5: =AVERAGE(I4,I6) -> 0 | K5: 0.983 | L5: 0.991 | N5: 0.275 | P5: 0.045 | Q5: 0.04 | R5: =749.8/1000 -> 0.7498 | S5: =SUM(Chronoamperometries!K2:K529) -> 6541.6073 | T5: =((S5*25.27)/(B$14*2)) -> 0.85664308 | U5: =R5/T5 -> 0.87527701 | W5: =C5 -> 3.75 | X5: =(F5/46)*1000 -> 3.3695652 | Y5: =(G5/118.09)*1000 -> 3.1077991 | Z5: =(H5/90.08)*1000 -> 0 | AA5: =(I5/46.03)*1000 -> 0 | AB5: =(K5/60)*1000 -> 16.383333 | AC5: =(L5/74.08)*1000 -> 13.37743 | AD5: =(N5/88.11)*1000 -> 3.1210986 | AE5: =(O5/102.13)*1000 -> 0 | AF5: =(P5/102.13)*1000 -> 0.4406149 | AG5: =(Q5/116.1583)*1000 -> 0.34435766 | AH5: =(M5/88.11)*1000 -> 0
A6: T3 | B6: 44902.375 | C6: =((B6-$B$3)*24)/24 -> 4.75 | F6: 0.15 | G6: 0.01325 | H6: 0 | I6: 0 | K6: 0.63 | L6: 0.98 | N6: 0.23 | P6: 0.049 | Q6: 0.03 | R6: =1082.32/1000 -> 1.08232 | S6: =SUM(Chronoamperometries!K2:K673) -> 9216.3537 | T6: =((S6*25.27)/(B$14*2)) -> 1.2069091 | U6: =R6/T6 -> 0.89677007 | W6: =C6 -> 4.75 | X6: =(F6/46)*1000 -> 3.2608696 | Y6: =(G6/118.09)*1000 -> 0.11220256 | Z6: =(H6/90.08)*1000 -> 0 | AA6: =(I6/46.03)*1000 -> 0 | AB6: =(K6/60)*1000 -> 10.5 | AC6: =(L6/74.08)*1000 -> 13.228942 | AD6: =(N6/88.11)*1000 -> 2.6103734 | AE6: =(O6/102.13)*1000 -> 0 | AF6: =(P6/102.13)*1000 -> 0.47978067 | AG6: =(Q6/116.1583)*1000 -> 0.25826824 | AH6: =(M6/88.11)*1000 -> 0
A7: T4 | B7: 44904.375 | C7: =((B7-$B$3)*24)/24 -> 6.75 | F7: 0.1 | G7: 0 | H7: 0 | I7: 0 | K7: 0.123 | L7: 0.953 | N7: 0.23 | O7: 0.023 | P7: 0.071 | Q7: 0.048 | R7: =1763.66/1000 -> 1.76366 | S7: =SUM(Chronoamperometries!K2:K961) -> 14686.676 | T7: =((S7*25.27)/(B$14*2)) -> 1.9232643 | U7: =R7/T7 -> 0.91701385 | W7: =C7 -> 6.75 | X7: =(F7/46)*1000 -> 2.173913 | Y7: =(G7/118.09)*1000 -> 0 | Z7: =(H7/90.08)*1000 -> 0 | AA7: =(I7/46.03)*1000 -> 0 | AB7: =(K7/60)*1000 -> 2.05 | AC7: =(L7/74.08)*1000 -> 12.864471 | AD7: =(N7/88.11)*1000 -> 2.6103734 | AE7: =(O7/102.13)*1000 -> 0.22520317 | AF7: =(P7/102.13)*1000 -> 0.6951924 | AG7: =(Q7/116.1583)*1000 -> 0.41322919 | AH7: =(M7/88.11)*1000 -> 0
A8: T5 | B8: 44907.375 | C8: =((B8-$B$3)*24)/24 -> 9.75 | F8: 0 | G8: 0 | H8: 0 | I8: 0 | J8: 0.00025 | K8: 0.018125 | L8: 0.834375 | M8: 0.02 | N8: 0.26 | O8: 0.028375 | P8: 0.0715 | Q8: 0.038875 | R8: =2027.72/1000 -> 2.02772 | S8: =SUM(Chronoamperometries!K2:K1393) -> 17299.952 | T8: =((S8*25.27)/(B$14*2)) -> 2.2654805 | U8: =R8/T8 -> 0.89505073 | W8: =C8 -> 9.75 | X8: =(F8/46)*1000 -> 0 | Y8: =(G8/118.09)*1000 -> 0 | Z8: =(H8/90.08)*1000 -> 0 | AA8: =(I8/46.03)*1000 -> 0 | AB8: =(K8/60)*1000 -> 0.30208333 | AC8: =(L8/74.08)*1000 -> 11.263161 | AD8: =(N8/88.11)*1000 -> 2.9508569 | AE8: =(O8/102.13)*1000 -> 0.27783217 | AF8: =(P8/102.13)*1000 -> 0.70008812 | AG8: =(Q8/116.1583)*1000 -> 0.3346726 | AH8: =(M8/88.11)*1000 -> 0.22698899
A9: T6 | B9: 44908.375 | C9: =((B9-$B$3)*24)/24 -> 10.75 | F9: 0 | G9: 0 | H9: 0 | I9: 0 | K9: 0.26425 | L9: 0.907875 | M9: 0.022 | N9: 0.236875 | O9: 0.02475 | P9: 0.069875 | Q9: 0.039 | R9: =2078.89/1000 -> 2.07889 | S9: =B15 -> 17885.979 | T9: =((S9*25.27)/(B$14*2)) -> 2.3422225 | U9: =R9/T9 -> 0.88757152 | W9: =C9 -> 10.75 | X9: =(F9/46)*1000 -> 0 | Y9: =(G9/118.09)*1000 -> 0 | Z9: =(H9/90.08)*1000 -> 0 | AA9: =(I9/46.03)*1000 -> 0 | AB9: =(K8/60)*1000 -> 0.30208333 | AC9: =(L9/74.08)*1000 -> 12.255332 | AD9: =(N9/88.11)*1000 -> 2.6884009 | AE9: =(O9/102.13)*1000 -> 0.2423382 | AF9: =(P9/102.13)*1000 -> 0.68417703 | AG9: =(Q9/116.1583)*1000 -> 0.33574872 | AH9: =(M9/88.11)*1000 -> 0.24968789
A10: Total cons g/l | D10: =D3-D8 -> 0.022948718 | E10: =E3-E8 -> 0.0023717949 | F10: =F3-F9 -> 0.16 | G10: =G3-G8 -> 1.1070833 | H10: =H3-H8 -> 0.1974359 | I10: =I3-I8 -> 0.31137821 | J10: =J3-J9 -> 0.0014102564 | K10: =K3-K8 -> 1.2418429 | L10: 0 | M10: 0 | N10: 0 | O10: 0 | P10: 0 | Q10: =Q3-Q8 -> -0.0015032051 | R10: =((1*R9)/(0.08205746*308))*2 -> 0.16451016 | S10: mol H2
A11: mM | F11: =(F10/46)*1000 -> 3.4782609 | G11: =(G10/118.09)*1000 -> 9.3749118 | H11: =(H10/90.08)*1000 -> 2.1917839 | I11: =(I10/46.03)*1000 -> 6.7646797 | J11: =(J10/74.121)*1000 -> 0.019026408 | K11: =(K10/60)*1000 -> 20.697382 | L11: =(L10/74.08)*1000 -> 0 | M11: =(M10/88.11)*1000 -> 0 | N11: =(N10/88.11)*1000 -> 0 | O11: =(O10/102.13)*1000 -> 0 | P11: =(P10/102.13)*1000 -> 0 | Q11: =(Q10/116.07)*1000 -> -0.01295085
A12: mmol | F12: =F11*0.85 -> 2.9565217 | G12: =G11*0.85 -> 7.968675 | H12: =H11*0.85 -> 1.8630164 | I12: =I11*0.85 -> 5.7499777 | J12: =J11*0.85 -> 0.016172447 | K12: =K11*0.85 -> 17.592775 | L12: =L11*0.85 -> 0 | M12: =M11*0.85 -> 0 | ... Q12: =Q11*0.85 -> -0.011008222
A13: mmole-eq | F13: =F12*12 -> 35.478261 | G13: =G12*14 -> 111.56145 | H13: =H12*12 -> 22.356196 | I13: =I12*2 -> 11.499955 | J13: =J12*24 -> 0.38813873 | K13: =K12*8 -> 140.7422 | L13: =L12*14 -> 0 | M13: =M12*20 -> 0 | N13: =N12*20 -> 0 | O13: =O12*26 -> 0 | P13: =P12*26 -> 0 | Q13: =Q12*32 -> -0.35226311 | R13: =SUM(F13:Q13) -> 321.67394 | S13: total
A14: FaradayC/C/mole- | B14: 96485
A15: A*s (C) | B15: =Chronoamperometries!K1543 -> 17885.979 | C15: % | G15: EtOH | H15: Succinate | I15: Lactate | J15: Formate | K15: ButOH | L15: C2 | M15: C3 | N15: IC4 | O15: C4 | P15: IC5 | Q15: C5 | R15: C6
A16: mmole- | B16: =((B15)/B14)*1000 -> 185.37574
A17: CE | B17: =B16/R13 -> 0.57628462 | C17: =B17*100 -> 57.628462 | E17: Inicial | F17: mM | G17: =(F3/46)*1000 -> 3.4782609 | H17: =(G3/118.09)*1000 -> 9.3749118 | I17: =(H3/90.08)*1000 -> 2.1917839 | J17: =(I3/46.03)*1000 -> 6.7646797 | K17: =(J16/74.121)*1000 -> 0 | L17: =(K3/60)*1000 -> 20.999466 | M17: =(L3/74.08)*1000 -> 4.7315446 | N17: =(M3/88.11)*1000 -> 0.11058438 | O17: =(N3/88.11)*1000 -> 2.7238679 | P17: =(O3/102.13)*1000 -> 0.073749645 | Q17: =(P3/102.13)*1000 -> 0.39573746 | R17: =(Q3/116.07)*1000 -> 0.32197635
A18: rCat | B18: =R10/(B16/1000) -> 0.88744167 | C18: =B18*100 -> 88.744167 | F18: mmol | G18: =G17*0.85 -> 2.9565217 | H18: =H17*0.85 -> 7.968675 | I18: =I17*0.85 -> 1.8630164 | J18: =J17*0.85 -> 5.7499777 | K18: =K17*0.85 -> 0 | L18: =L17*0.85 -> 17.849546 | M18: =M17*0.85 -> 4.0218129 | N18: =N17*0.85 -> 0.093996723 | ... R18: =R17*0.85 -> 0.2736799
A19: rH2 | B19: =B17*B18 -> 0.51141898 | C19: =B19*100 -> 51.141898 | F19: mmole-eq | G19: =G18*12 -> 35.478261 | H19: =H18*14 -> 111.56145 | I19: =I18*12 -> 22.356196 | J19: =J18*2 -> 11.499955 | K19: =K18*24 -> 0 | L19: =L18*8 -> 142.79637 | M19: =M18*14 -> 56.30538 | N19: =N18*20 -> 1.8799345 | O19: =O18*20 -> 46.305754 | P19: =P18*26 -> 1.6298672 | Q19: =Q18*26 -> 8.7457978 | R19: =R18*32 -> 8.7577567 | S19: =SUM(G19:R19) -> 447.31672
A20: Vol H2 téorique | B20: =((B15*25.27)/(B14*2)) -> 2.3422225 | E20: Final | F20: mM | G20: =(F9/72.121)*1000 -> 0 | H20: =(G9/118.09)*1000 -> 0 | I20: =(H9/90.08)*1000 -> 0 | J20: =(I9/46.03)*1000 -> 0 | K20: =(K19/74.121)*1000 -> 0 | L20: =(K8/60)*1000 -> 0.30208333 | M20: =(L3/74.08)*1000 -> 4.7315446 | N20: =(M3/88.11)*1000 -> 0.11058438 | O20: =(N9/88.11)*1000 -> 2.6884009 | P20: =(O3/102.13)*1000 -> 0.073749645 | Q20: =(P3/102.13)*1000 -> 0.39573746 | R20: =(Q9/116.07)*1000 -> 0.33600414
A21: Vol H2 real | B21: =R9 -> 2.07889 | F21: mmol | G21: =G20*0.85 -> 0 | H21: =H20*0.85 -> 0 | I21: =I20*0.85 -> 0 | J21: =J20*0.85 -> 0 | K21: =K20*0.85 -> 0 | L21: =L20*0.85 -> 0.25677083 | M21: =M20*0.85 -> 4.0218129 | N21: =N20*0.85 -> 0.093996723 | ... R21: =R20*0.85 -> 0.28560352
A22: rCat | B22: =B21/B20 -> 0.88757152 | F22: mmole-eq | G22: =G21*12 -> 0 | H22: =H21*14 -> 0 | I22: =I21*12 -> 0 | J22: =J21*2 -> 0 | K22: =K21*24 -> 0 | L22: =L21*8 -> 2.0541667 | M22: =M21*14 -> 56.30538 | N22: =N21*20 -> 1.8799345 | O22: =O21*20 -> 45.702815 | P22: =P21*26 -> 1.6298672 | Q22: =Q21*26 -> 8.7457978 | R22: =R21*32 -> 9.1393125 | S22: =SUM(G22:R22) -> 125.45727 | T22: %unconsumed electrons | V22: =(S22*100)/S19 -> 28.046632
H23: =SUM(H17,H20) -> 9.3749118 | M23: =SUM(M17,M20) -> 9.4630891 | T23: % consummed | V23: =100-V22 -> 71.953368
W24: R1 metabolites in COD/L
W25: Time (days) | X25: EtOH | Y25: Succinate | Z25: Lactate | AA25: Formate | AB25: C2 | AC25: C3 | AD25: C4 | AE25: IC5 | AF25: C5 | AG25: C6 | AH25: IC4 | AI25: Somme
W26: 0 | X26: =F3*2.087 -> 0.33392 | Y26: =G3*0.948 -> 1.049515 | Z26: =H3*1.067 -> 0.2106641 | AA26: =I3*1.39 -> 0.43281571 | AB26: =K3*1.067 -> 1.3443858 | AC26: =L3*1.51 -> 0.52927436 | AD26: =N3*1.818 -> 0.43632 | AE26: =O3*2.03 -> 0.015290064 | AF26: =P3*2.03 -> 0.082045833 | AG26: =Q3*2.2 -> 0.082217949 | AH26: =M3*1.818 -> 0.017713846 | AI26: =SUM(X26:AH26) -> 4.5341627
W27: 2.75 | X27: =F4*2.087 -> 0.33392 | Y27: =G4*0.948 -> 0.683271 | Z27: =H4*1.067 -> 0 | AA27: =I4*1.39 -> 0 | AB27: =K4*1.067 -> 1.335884 | AC27: =L4*1.51 -> 0.88788 | AD27: =N4*1.818 -> 0.39996 | AE27: =O4*2.03 -> 0.05278 | AF27: =P4*2.03 -> 0.09135 | AG27: =Q4*2.2 -> 0.1012 | AH27: =M4*1.818 -> 0 | AI27: =SUM(X27:AH27) -> 3.886245
W28: 3.75 | X28: =F5*2.087 -> 0.323485 | Y28: =G5*0.948 -> 0.347916 | Z28: =H5*1.067 -> 0 | AA28: =I5*1.39 -> 0 | AB28: =K5*1.067 -> 1.048861 | AC28: =L5*1.51 -> 1.49641 | AD28: =N5*1.818 -> 0.49995 | AE28: =O5*2.03 -> 0 | AF28: =P5*2.03 -> 0.09135 | AG28: =Q5*2.2 -> 0.088 | AH28: =M5*1.818 -> 0 | AI28: =SUM(X28:AH28) -> 3.895972
W29: 4.75 | X29: =F6*2.087 -> 0.31305 | Y29: =G6*0.948 -> 0.012561 | Z29: =H6*1.067 -> 0 | AA29: =I6*1.39 -> 0 | AB29: =K6*1.067 -> 0.67221 | AC29: =L6*1.51 -> 1.4798 | AD29: =N6*1.818 -> 0.41814 | AE29: =O6*2.03 -> 0 | AF29: =P6*2.03 -> 0.09947 | AG29: =Q6*2.2 -> 0.066 | AH29: =M6*1.818 -> 0 | AI29: =SUM(X29:AH29) -> 3.061231
W30: 6.75 | X30: =F7*2.087 -> 0.2087 | Y30: =G7*0.948 -> 0 | Z30: =H7*1.067 -> 0 | AA30: =I7*1.39 -> 0 | AB30: =K7*1.067 -> 0.131241 | AC30: =L7*1.51 -> 1.43903 | AD30: =N7*1.818 -> 0.41814 | AE30: =O7*2.03 -> 0.04669 | AF30: =P7*2.03 -> 0.14413 | AG30: =Q7*2.2 -> 0.1056 | AH30: =M7*1.818 -> 0 | AI30: =SUM(X30:AH30) -> 2.493531
W31: 9.75 | X31: =F8*2.087 -> 0 | Y31: =G8*0.948 -> 0 | Z31: =H8*1.067 -> 0 | AA31: =I8*1.39 -> 0 | AB31: =K8*1.067 -> 0.019339375 | AC31: =L8*1.51 -> 1.2599063 | AD31: =N8*1.818 -> 0.47268 | AE31: =O8*2.03 -> 0.05760125 | AF31: =P8*2.03 -> 0.145145 | AG31: =Q8*2.2 -> 0.085525 | AH31: =M8*1.818 -> 0.03636 | AI31: =SUM(X31:AH31) -> 2.0765569
W32: 10.75 | X32: =F9*2.087 -> 0 | Y32: =G9*0.948 -> 0 | Z32: =H9*1.067 -> 0 | AA32: =I9*1.39 -> 0 | AB32: =AB31 -> 0.019339375 | AC32: =L9*1.51 -> 1.3708912 | AD32: =N9*1.818 -> 0.43063875 | AE32: =O9*2.03 -> 0.0502425 | AF32: =P9*2.03 -> 0.14184625 | AG32: =Q9*2.2 -> 0.0858 | AH32: =M9*1.818 -> 0.039996 | AI32: =SUM(X32:AH32) -> 2.1387541
F47: 62.4
F48: 69.7
F49: =AVERAGE(F47:F48) -> 66.05
F50: =_xlfn.STDEV.S(F47:F48) -> 5.1618795

Sheet R2
D1: R2 metabolites g/l | R1: Hydrogen (L) | W1: R2 metabolites in mM
C2: Temps (jours) | D2: Lactose | E2: Glucose | F2: EtOH | G2: Succinate | H2: Lactate | I2: Formate | J2: Butanol | K2: C2 | L2: C3 | M2: IC4 | N2: C4 | O2: IC5 | P2: C5 | Q2: C6 | R2: H2 real (R2) | S2: Accumulated Q | T2: H2 theorical (R2) | U2: Yields | W2: Time (days) | X2: EtOH | Y2: Succinate | Z2: Lactate | AA2: Formate | AB2: C2 | AC2: C3 | AD2: C4 | AE2: IC5 | AF2: C5 | AG2: C6 | AH2: IC4
A3: T0 | B3: 44897.625 | C3: 0 | D3: 0.022948718 | E3: 0.0023717949 | F3: 0.16 | G3: 1.1070833 | H3: 0.1974359 | I3: 0.31137821 | J3: 0.0014102564 | K3: 1.2599679 | L3: 0.35051282 | M3: 0.0097435897 | N3: 0.24 | O3: 0.0075320513 | P3: 0.040416667 | Q3: 0.037371795 | R3: 0 | S3: 0 | T3: =((S3*25.27)/(B$14*2)) -> 0 | U3: 0 | W3: =C3 -> 0 | X3: =(F3/46)*1000 -> 3.4782609 | Y3: =(G3/118.09)*1000 -> 9.3749118 | Z3: =(H3/90.08)*1000 -> 2.1917839 | AA3: =(I3/46.03)*1000 -> 6.7646797 | AB3: =(K3/60)*1000 -> 20.999466 | AC3: =(L3/74.08)*1000 -> 4.7315446 | AD3: =(N3/88.11)*1000 -> 2.7238679 | AE3: =(O3/102.13)*1000 -> 0.073749645 | AF3: =(P3/102.13)*1000 -> 0.39573746 | AG3: =(Q3/116.1583)*1000 -> 0.32173159 | AH3: =(M3/88.11)*1000 -> 0.11058438
A4: T1 | B4: 44900.375 | C4: =((B4-$B$3)*24)/24 -> 2.75 | F4: 0.136625 | G4: 0.6505 | H4: 0 | I4: 0 | K4: 1.216 | L4: 0.622 | N4: 0.352 | P4: 0.04 | Q4: 0.027 | R4: =376.29/1000 -> 0.37629 | S4: =SUM(Chronoamperometries!L1:L384) -> 3405.4828 | T4: =((S4*25.27)/(B$14*2)) -> 0.44595818 | U4: =R4/T4 -> 0.84377867 | W4: =C4 -> 2.75 | X4: =(F4/46)*1000 -> 2.9701087 | Y4: =(G4/118.09)*1000 -> 5.5085105 | Z4: =(H4/90.08)*1000 -> 0 | AA4: =(I4/46.03)*1000 -> 0 | AB4: =(K4/60)*1000 -> 20.266667 | AC4: =(L4/74.08)*1000 -> 8.3963283 | AD4: =(N4/88.11)*1000 -> 3.9950062 | AE4: =(O4/102.13)*1000 -> 0 | AF4: =(P4/102.13)*1000 -> 0.39165769 | AG4: =(Q4/116.1583)*1000 -> 0.23244142 | AH4: =(M4/88.11)*1000 -> 0
A5: T2 | B5: 44901.375 | C5: =((B5-$B$3)*24)/24 -> 3.75 | F5: 0.154 | G5: 0 | H5: 0 | I5: 0 | K5: 0.924 | L5: 1.008 | N5: 0.286 | P5: 0.044 | Q5: 0.044 | R5: =792.54/1000 -> 0.79254 | S5: =SUM(Chronoamperometries!L1:L528) -> 6772.7265 | T5: =((S5*25.27)/(B$14*2)) -> 0.88690883 | U5: =R5/T5 -> 0.89359805 | W5: =C5 -> 3.75 | X5: =(F5/46)*1000 -> 3.3478261 | Y5: =(G5/118.09)*1000 -> 0 | Z5: =(H5/90.08)*1000 -> 0 | AA5: =(I5/46.03)*1000 -> 0 | AB5: =(K5/60)*1000 -> 15.4 | AC5: =(L5/74.08)*1000 -> 13.606911 | AD5: =(N5/88.11)*1000 -> 3.2459426 | AE5: =(O5/102.13)*1000 -> 0 | AF5: =(P5/102.13)*1000 -> 0.43082346 | AG5: =(Q5/116.1583)*1000 -> 0.37879342 | AH5: =(M5/88.11)*1000 -> 0
A6: T3 | B6: 44902.375 | C6: =((B6-$B$3)*24)/24 -> 4.75 | F6: 0 | G6: 0 | H6: 0 | I6: 0 | K6: 0.558 | L6: 0.89 | N6: 0.35 | P6: 0.057 | Q6: 0.036 | R6: =1158.84/1000 -> 1.15884 | S6: =SUM(Chronoamperometries!L1:L672) -> 9747.7308 | T6: =((S6*25.27)/(B$14*2)) -> 1.2764946 | U6: =R6/T6 -> 0.90782995 | W6: =C6 -> 4.75 | X6: =(F6/46)*1000 -> 0 | Y6: =(G6/118.09)*1000 -> 0 | Z6: =(H6/90.08)*1000 -> 0 | AA6: =(I6/46.03)*1000 -> 0 | AB6: =(K6/60)*1000 -> 9.3 | AC6: =(L6/74.08)*1000 -> 12.014039 | AD6: =(N6/88.11)*1000 -> 3.9723073 | AE6: =(O6/102.13)*1000 -> 0 | AF6: =(P6/102.13)*1000 -> 0.55811221 | AG6: =(Q6/116.1583)*1000 -> 0.30992189 | AH6: =(M6/88.11)*1000 -> 0
A7: T4 | B7: 44904.375 | C7: =((B7-$B$3)*24)/24 -> 6.75 | F7: 0 | G7: 0 | H7: 0 | I7: 0 | K7: 0.054 | L7: 0.868 | N7: 0.252 | O7: 0.026 | P7: 0.124 | Q7: 0.065 | R7: =1911.42/1000 -> 1.91142 | S7: =SUM(Chronoamperometries!L1:L960) -> 15881.167 | T7: =((S7*25.27)/(B$14*2)) -> 2.0796865 | U7: =R7/T7 -> 0.91909046 | W7: =C7 -> 6.75 | X7: =(F7/46)*1000 -> 0 | Y7: =(G7/118.09)*1000 -> 0 | Z7: =(H7/90.08)*1000 -> 0 | AA7: =(I7/46.03)*1000 -> 0 | AB7: =(K7/60)*1000 -> 0.9 | AC7: =(L7/74.08)*1000 -> 11.717063 | AD7: =(N7/88.11)*1000 -> 2.8600613 | AE7: =(O7/102.13)*1000 -> 0.2545775 | AF7: =(P7/102.13)*1000 -> 1.2141388 | AG7: =(Q7/116.1583)*1000 -> 0.55958119 | AH7: =(M7/88.11)*1000 -> 0
A8: T5 | B8: 44907.375 | C8: =((B8-$B$3)*24)/24 -> 9.75 | F8: 0 | G8: 0 | H8: 0 | I8: 0 | K8: 0 | L8: 0.757125 | N8: 0.2295 | O8: 0.032875 | P8: 0.12225 | Q8: 0.046125 | R8: =2207.79/1000 -> 2.20779 | S8: =SUM(Chronoamperometries!L1:L1392) -> 18662.811 | T8: =((S8*25.27)/(B$14*2)) -> 2.4439511 | U8: =R8/T8 -> 0.90336914 | W8: =C8 -> 9.75 | X8: =(F8/46)*1000 -> 0 | Y8: =(G8/118.09)*1000 -> 0 | Z8: =(H8/90.08)*1000 -> 0 | AA8: =(I8/46.03)*1000 -> 0 | AB8: =(K8/60)*1000 -> 0 | AC8: =(L8/74.08)*1000 -> 10.22037 | AD8: =(N8/88.11)*1000 -> 2.6046987 | AE8: =(O8/102.13)*1000 -> 0.32189366 | AF8: =(P8/102.13)*1000 -> 1.1970038 | AG8: =(Q8/116.1583)*1000 -> 0.39708742 | AH8: =(M8/88.11)*1000 -> 0
A9: T6 | B9: 44908.375 | C9: =((B9-$B$3)*24)/24 -> 10.75 | F9: 0 | G9: 0 | H9: 0 | I9: 0 | K9: 0 | L9: 0.714375 | M9: 0.028 | N9: 0.229125 | O9: 0.036125 | P9: 0.127 | Q9: 0.049125 | R9: =2281.03/1000 -> 2.28103 | S9: =SUM(Chronoamperometries!L2:L1542) -> 19428.263 | T9: =((S9*25.27)/(B$14*2)) -> 2.5441892 | U9: =R9/T9 -> 0.8965646 | W9: =C9 -> 10.75 | X9: =(F9/46)*1000 -> 0 | Y9: =(G9/118.09)*1000 -> 0 | Z9: =(H9/90.08)*1000 -> 0 | AA9: =(I9/46.03)*1000 -> 0 | AB9: =(K9/60)*1000 -> 0 | AC9: =(L9/74.08)*1000 -> 9.643291 | AD9: =(N9/88.11)*1000 -> 2.6004426 | AE9: =(O9/102.13)*1000 -> 0.35371585 | AF9: =(P9/102.13)*1000 -> 1.2435132 | AG9: =(Q9/116.1583)*1000 -> 0.42291425 | AH9: =(M9/88.11)*1000 -> 0.31778459
A10: Total cons g/l | D10: =D3-D8 -> 0.022948718 | E10: =E3-E8 -> 0.0023717949 | F10: =F3-F9 -> 0.16 | G10: =G3-G8 -> 1.1070833 | H10: =H3-H8 -> 0.1974359 | I10: =I3-I8 -> 0.31137821 | J10: =J3-J8 -> 0.0014102564 | K10: =K3-K7 -> 1.2059679 | L10: 0 | M10: =M3-M8 -> 0.0097435897 | N10: =N3-N8 -> 0.0105 | O10: 0 | P10: 0 | Q10: 0 | R10: =((1*R9)/(0.08205746*308))*2 -> 0.18050623 | S10: mol H2
A11: mM | F11: =(F10/46)*1000 -> 3.4782609 | G11: =(G10/118.09)*1000 -> 9.3749118 | H11: =(H10/90.08)*1000 -> 2.1917839 | I11: =(I10/46.03)*1000 -> 6.7646797 | J11: =(J10/74.121)*1000 -> 0.019026408 | K11: =(K10/60)*1000 -> 20.099466 | L11: =(L10/74.08)*1000 -> 0 | M11: =(M10/88.11)*1000 -> 0.11058438 | N11: =(N10/88.11)*1000 -> 0.11916922 | O11: =(O10/102.13)*1000 -> 0 | P11: =(P10/102.13)*1000 -> 0 | Q11: =(Q10/116.07)*1000 -> 0
A12: mmol | F12: =F11*0.85 -> 2.9565217 | G12: =G11*0.85 -> 7.968675 | H12: =H11*0.85 -> 1.8630164 | I12: =I11*0.85 -> 5.7499777 | J12: =J11*0.85 -> 0.016172447 | K12: =K11*0.85 -> 17.084546 | L12: =L11*0.85 -> 0 | M12: =M11*0.85 -> 0.093996723 | ... Q12: =Q11*0.85 -> 0
A13: mmole-eq | D13: Electron equivalents | F13: =F12*12 -> 35.478261 | G13: =G12*14 -> 111.56145 | H13: =H12*12 -> 22.356196 | I13: =I12*2 -> 11.499955 | J13: =J12*24 -> 0.38813873 | K13: =K12*8 -> 136.67637 | L13: =L12*14 -> 0 | M13: =M12*20 -> 1.8799345 | N13: =N12*20 -> 2.0258767 | O13: =O12*26 -> 0 | P13: =P12*26 -> 0 | Q13: =Q12*32 -> 0 | R13: =SUM(F13:Q13) -> 321.86618 | S13: total
A14: FaradayC/C/mole- | B14: 96485
A15: MEC 2 performance | C15: % | G15: EtOH | H15: Succinate | I15: Lactate | J15: Formate | K15: ButOH | L15: C2 | M15: C3 | N15: IC4 | O15: C4 | P15: IC5 | Q15: C5 | R15: C6
A16: A*s (C) | B16: =Chronoamperometries!L1543 -> 19428.263
A17: mmole- | B17: =((B16)/B14)*1000 -> 201.36045 | E17: Inicial | F17: mM | G17: =(F3/46)*1000 -> 3.4782609 | H17: =(G3/118.09)*1000 -> 9.3749118 | I17: =(H3/90.08)*1000 -> 2.1917839 | J17: =(I3/46.03)*1000 -> 6.7646797 | K17: =(J16/74.121)*1000 -> 0 | L17: =(K3/60)*1000 -> 20.999466 | M17: =(L3/74.08)*1000 -> 4.7315446 | N17: =(M3/88.11)*1000 -> 0.11058438 | O17: =(N3/88.11)*1000 -> 2.7238679 | P17: =(O3/102.13)*1000 -> 0.073749645 | Q17: =(P3/102.13)*1000 -> 0.39573746 | R17: =(Q3/116.07)*1000 -> 0.32197635
A18: CE | B18: =B17/R13 -> 0.625603 | C18: =B18*100 -> 62.5603 | F18: mmol | G18: =G17*0.85 -> 2.9565217 | H18: =H17*0.85 -> 7.968675 | I18: =I17*0.85 -> 1.8630164 | J18: =J17*0.85 -> 5.7499777 | K18: =K17*0.85 -> 0 | L18: =L17*0.85 -> 17.849546 | M18: =M17*0.85 -> 4.0218129 | N18: =N17*0.85 -> 0.093996723 | ... R18: =R17*0.85 -> 0.2736799
A19: rCat | B19: =R10/(B17/1000) -> 0.89643342 | C19: =B19*100 -> 89.643342 | F19: mmole-eq | G19: =G18*12 -> 35.478261 | H19: =H18*14 -> 111.56145 | I19: =I18*12 -> 22.356196 | J19: =J18*2 -> 11.499955 | K19: =K18*24 -> 0 | L19: =L18*8 -> 142.79637 | M19: =M18*14 -> 56.30538 | N19: =N18*20 -> 1.8799345 | O19: =O18*20 -> 46.305754 | P19: =P18*26 -> 1.6298672 | Q19: =Q18*26 -> 8.7457978 | R19: =R18*32 -> 8.7577567 | S19: =SUM(G19:R19) -> 447.31672
A20: rH2 | B20: =B18*B19 -> 0.56081144 | C20: =B20*100 -> 56.081144 | E20: Final | F20: mM | G20: =(F9/72.121)*1000 -> 0 | H20: =(G9/118.09)*1000 -> 0 | I20: =(H9/90.08)*1000 -> 0 | J20: =(I9/46.03)*1000 -> 0 | K20: =(K19/74.121)*1000 -> 0 | L20: =(K7/60)*1000 -> 0.9 | M20: =(L3/74.08)*1000 -> 4.7315446 | N20: =(M3/88.11)*1000 -> 0.11058438 | O20: =(N9/88.11)*1000 -> 2.6004426 | P20: =(O3/102.13)*1000 -> 0.073749645 | Q20: =(P3/102.13)*1000 -> 0.39573746 | R20: =(Q9/116.07)*1000 -> 0.42323598
A21: Vol H2 téorique | B21: =((B16*25.27)/(B14*2)) -> 2.5441892 | F21: mmol | G21: =G20*0.85 -> 0 | H21: =H20*0.85 -> 0 | I21: =I20*0.85 -> 0 | J21: =J20*0.85 -> 0 | K21: =K20*0.85 -> 0 | L21: =L20*0.85 -> 0.765 | M21: =M20*0.85 -> 4.0218129 | N21: =N20*0.85 -> 0.093996723 | ... R21: =R20*0.85 -> 0.35975058
A22: Vol H2 real | B22: =R9 -> 2.28103 | F22: mmole-eq | G22: =G21*12 -> 0 | H22: =H21*14 -> 0 | I22: =I21*12 -> 0 | J22: =J21*2 -> 0 | K22: =K21*24 -> 0 | L22: =L21*8 -> 6.12 | M22: =M21*14 -> 56.30538 | N22: =N21*20 -> 1.8799345 | O22: =O21*20 -> 44.207525 | P22: =P21*26 -> 1.6298672 | Q22: =Q21*26 -> 8.7457978 | R22: =R21*32 -> 11.512019 | S22: =SUM(G22:R22) -> 130.40052 | T22: %unconsumed electrons | V22: =(S22*100)/S19 -> 29.151721
A23: rCat | B23: =B22/B21 -> 0.8965646 | H23: =SUM(H17,H20) -> 9.3749118 | M23: =SUM(M17,M20) -> 9.4630891 | T23: % consummed | V23: =100-V22 -> 70.848279
W25: R2 metabolites in COD/L
W26: Time (days) | X26: EtOH | Y26: Succinate | Z26: Lactate | AA26: Formate | AB26: C2 | AC26: C3 | AD26: C4 | AE26: IC5 | AF26: C5 | AG26: C6 | AH26: IC4 | AI26: Somme
W27: 0 | X27: =F3*2.087 -> 0.33392 | Y27: =G3*0.948 -> 1.049515 | Z27: =H3*1.067 -> 0.2106641 | AA27: =I3*1.39 -> 0.43281571 | AB27: =K3*1.067 -> 1.3443858 | AC27: =L3*1.51 -> 0.52927436 | AD27: =N3*1.818 -> 0.43632 | AE27: =O3*2.03 -> 0.015290064 | AF27: =P3*2.03 -> 0.082045833 | AG27: =Q3*2.2 -> 0.082217949 | AH27: =M3*1.818 -> 0.017713846 | AI27: =SUM(X27:AH27) -> 4.5341627
W28: 2.75 | X28: =F4*2.087 -> 0.28513637 | Y28: =G4*0.948 -> 0.616674 | Z28: =H4*1.067 -> 0 | AA28: =I4*1.39 -> 0 | AB28: =K4*1.067 -> 1.297472 | AC28: =L4*1.51 -> 0.93922 | AD28: =N4*1.818 -> 0.639936 | AE28: =O4*2.03 -> 0 | AF28: =P4*2.03 -> 0.0812 | AG28: =Q4*2.2 -> 0.0594 | AH28: =M4*1.818 -> 0 | AI28: =SUM(X28:AH28) -> 3.9190384
W29: 3.75 | X29: =F5*2.087 -> 0.321398 | Y29: =G5*0.948 -> 0 | Z29: =H5*1.067 -> 0 | AA29: =I5*1.39 -> 0 | AB29: =K5*1.067 -> 0.985908 | AC29: =L5*1.51 -> 1.52208 | AD29: =N5*1.818 -> 0.519948 | AE29: =O5*2.03 -> 0 | AF29: =P5*2.03 -> 0.08932 | AG29: =Q5*2.2 -> 0.0968 | AH29: =M5*1.818 -> 0 | AI29: =SUM(X29:AH29) -> 3.535454
W30: 4.75 | X30: =F6*2.087 -> 0 | Y30: =G6*0.948 -> 0 | Z30: =H6*1.067 -> 0 | AA30: =I6*1.39 -> 0 | AB30: =K6*1.067 -> 0.595386 | AC30: =L6*1.51 -> 1.3439 | AD30: =N6*1.818 -> 0.6363 | AE30: =O6*2.03 -> 0 | AF30: =P6*2.03 -> 0.11571 | AG30: =Q6*2.2 -> 0.0792 | AH30: =M6*1.818 -> 0 | AI30: =SUM(X30:AH30) -> 2.770496
W31: 6.75 | X31: =F7*2.087 -> 0 | Y31: =G7*0.948 -> 0 | Z31: =H7*1.067 -> 0 | AA31: =I7*1.39 -> 0 | AB31: =K7*1.067 -> 0.057618 | AC31: =L7*1.51 -> 1.31068 | AD31: =N7*1.818 -> 0.458136 | AE31: =O7*2.03 -> 0.05278 | AF31: =P7*2.03 -> 0.25172 | AG31: =Q7*2.2 -> 0.143 | AH31: =M7*1.818 -> 0 | AI31: =SUM(X31:AH31) -> 2.273934
W32: 9.75 | X32: =F8*2.087 -> 0 | Y32: =G8*0.948 -> 0 | Z32: =H8*1.067 -> 0 | AA32: =I8*1.39 -> 0 | AB32: =K8*1.067 -> 0 | AC32: =L8*1.51 -> 1.1432587 | AD32: =N8*1.818 -> 0.417231 | AE32: =O8*2.03 -> 0.06673625 | AF32: =P8*2.03 -> 0.2481675 | AG32: =Q8*2.2 -> 0.101475 | AH32: =M8*1.818 -> 0 | AI32: =SUM(X32:AH32) -> 1.9768685
W33: 10.75 | X33: =F9*2.087 -> 0 | Y33: =G9*0.948 -> 0 | Z33: =H9*1.067 -> 0 | AA33: =I9*1.39 -> 0 | AB33: =K9*1.067 -> 0 | AC33: =L9*1.51 -> 1.0787062 | AD33: =N9*1.818 -> 0.41654925 | AE33: =O9*2.03 -> 0.07333375 | AF33: =P9*2.03 -> 0.25781 | AG33: =Q9*2.2 -> 0.108075 | AH33: =M9*1.818 -> 0.050904 | AI33: =SUM(X33:AH33) -> 1.9853782

Sheet Chronoamperometries
A1: time/d | B1: R1 | C1: R2 | I1: time/s | J1: ∆t/s | K1: <R1>/C | L1: <R2>/C | N1: time/s | O1: <R1>/mol e- | P1: <R2>/mol e- | Q1: R1 mmol e- | R1: R2 mmol e-
A2: 0.090287255 | B2: 13.131315 | C2: 12.752401 | F2: Electrode surface | G2: 0.0047 | H2: m2 | I2: =A2*86400 -> 7800.8189 | J2: =I2 -> 7800.8189 | K2: =B2*$J2*$G$2 -> 481.44454 | L2: =C2*$J2*$G$2 -> 467.5521 | N2: 600.00018 | O2: =SUM(K$2:K2)/$G$3 -> 0.0049898382 | P2: =SUM(L$2:L2)/$G$3 -> 0.0048458528 | Q2: =O2*1000 -> 4.9898382 | R2: =P2*1000 -> 4.8458528
A3: 0.097231702 | B3: 11.959695 | C3: 11.723188 | F3: Faraday constant | G3: 96485 | H3: C/mol e- | I3: =A3*86400 -> 8400.819 | J3: =I3-I2 -> 600.00019 | K3: =B3*$J3*$G$2 -> 33.726352 | L3: =C3*$J3*$G$2 -> 33.059402 | N3: =I3 -> 8400.819 | O3: =SUM(K$2:K3)/$G$3 -> 0.0053393884 | P3: =SUM(L$2:L3)/$G$3 -> 0.0051884905 | Q3: =O3*1000 -> 5.3393884 | R3: =P3*1000 -> 5.1884905
A4: 0.10417615 | B4: 11.517219 | C4: 11.093315 | G4: 600.00018 | I4: =A4*86400 -> 9000.8192 | J4: =I4-I3 -> 600.00019 | K4: =B4*$J4*$G$2 -> 32.478569 | L4: =C4*$J4*$G$2 -> 31.283158 | N4: =I4 -> 9000.8192 | O4: =SUM(K$2:K4)/$G$3 -> 0.0056760062 | P4: =SUM(L$2:L4)/$G$3 -> 0.0055127187 | Q4: =O4*1000 -> 5.6760062 | R4: =P4*1000 -> 5.5127187
A5: 0.1111206 | B5: 11.439111 | C5: 11.002585 | I5: =A5*86400 -> 9600.8194 | J5: =I5-I4 -> 600.00019 | K5: =B5*$J5*$G$2 -> 32.258304 | L5: =C5*$J5*$G$2 -> 31.0273 | N5: =I5 -> 9600.8194 | O5: =SUM(K$2:K5)/$G$3 -> 0.0060103411 | P5: =SUM(L$2:L5)/$G$3 -> 0.0058342951 | Q5: =O5*1000 -> 6.0103411 | R5: =P5*1000 -> 5.8342951
A6: 0.11806504 | B6: 11.405626 | C6: 11.005396 | I6: =A6*86400 -> 10200.82 | J6: =I6-I5 -> 600.00019 | K6: =B6*$J6*$G$2 -> 32.163876 | L6: =C6*$J6*$G$2 -> 31.035225 | N6: =I6 -> 10200.82 | O6: =SUM(K$2:K6)/$G$3 -> 0.0063436974 | P6: =SUM(L$2:L6)/$G$3 -> 0.0061559537 | Q6: =O6*1000 -> 6.3436974 | R6: =P6*1000 -> 6.1559537
A7: 0.12500949 | B7: 11.335738 | C7: 10.956126 | I7: =A7*86400 -> 10800.82 | J7: =I7-I6 -> 600.00019 | K7: =B7*$J7*$G$2 -> 31.966792 | L7: =C7*$J7*$G$2 -> 30.896286 | N7: =I7 -> 10800.82 | O7: =SUM(K$2:K7)/$G$3 -> 0.006675011 | P7: =SUM(L$2:L7)/$G$3 -> 0.0064761722 | Q7: =O7*1000 -> 6.675011 | R7: =P7*1000 -> 6.4761722
A8: 0.13195394 | B8: 11.314039 | C8: 10.928647 | I8: =A8*86400 -> 11400.82 | J8: =I8-I7 -> 600.00019 | K8: =B8*$J8*$G$2 -> 31.9056 | L8: =C8*$J8*$G$2 -> 30.818794 | N8: =I8 -> 11400.82 | O8: =SUM(K$2:K8)/$G$3 -> 0.0070056903 | P8: =SUM(L$2:L8)/$G$3 -> 0.0067955876 | Q8: =O8*1000 -> 7.0056903 | R8: =P8*1000 -> 6.7955876
A9: 0.13889838 | B9: 11.274365 | C9: 10.836458 | I9: =A9*86400 -> 12000.82 | J9: =I9-I8 -> 600.00019 | K9: =B9*$J9*$G$2 -> 31.793718 | L9: =C9*$J9*$G$2 -> 30.558821 | N9: =I9 -> 12000.82 | O9: =SUM(K$2:K9)/$G$3 -> 0.0073352101 | P9: =SUM(L$2:L9)/$G$3 -> 0.0071123085 | Q9: =O9*1000 -> 7.3352101 | R9: =P9*1000 -> 7.1123085
A10: 0.14584283 | B10: 11.207266 | C10: 10.770895 | I10: =A10*86400 -> 12600.82 | J10: =I10-I9 -> 600.00019 | K10: =B10*$J10*$G$2 -> 31.6045 | L10: =C10*$J10*$G$2 -> 30.373935 | N10: =I10 -> 12600.82 | O10: =SUM(K$2:K10)/$G$3 -> 0.0076627688 | P10: =SUM(L$2:L10)/$G$3 -> 0.0074271133 | Q10: =O10*1000 -> 7.6627688 | R10: =P10*1000 -> 7.4271133
A11: 0.15278728 | B11: 11.138147 | C11: 10.750683 | I11: =A11*86400 -> 13200.821 | J11: =I11-I10 -> 600.00019 | K11: =B11*$J11*$G$2 -> 31.409585 | L11: =C11*$J11*$G$2 -> 30.316935 | N11: =I11 -> 13200.821 | O11: =SUM(K$2:K11)/$G$3 -> 0.0079883074 | P11: =SUM(L$2:L11)/$G$3 -> 0.0077413272 | Q11: =O11*1000 -> 7.9883074 | R11: =P11*1000 -> 7.7413272
A12: 0.15973172 | B12: 11.097065 | C12: 10.718981 | I12: =A12*86400 -> 13800.821 | J12: =I12-I11 -> 600.00019 | K12: =B12*$J12*$G$2 -> 31.293734 | L12: =C12*$J12*$G$2 -> 30.227535 | N12: =I12 -> 13800.821 | O12: =SUM(K$2:K12)/$G$3 -> 0.0083126452 | P12: =SUM(L$2:L12)/$G$3 -> 0.0080546147 | Q12: =O12*1000 -> 8.3126452 | R12: =P12*1000 -> 8.0546147
A13: 0.16667617 | B13: 11.030317 | C13: 10.646857 | I13: =A13*86400 -> 14400.821 | J13: =I13-I12 -> 600.00019 | K13: =B13*$J13*$G$2 -> 31.105504 | L13: =C13*$J13*$G$2 -> 30.024146 | N13: =I13 -> 14400.821 | O13: =SUM(K$2:K13)/$G$3 -> 0.0086350321 | P13: =SUM(L$2:L13)/$G$3 -> 0.0083657941 | Q13: =O13*1000 -> 8.6350321 | R13: =P13*1000 -> 8.3657941
A14: 0.17362062 | B14: 10.968304 | C14: 10.622822 | I14: =A14*86400 -> 15000.821 | J14: =I14-I13 -> 600.00019 | K14: =B14*$J14*$G$2 -> 30.930627 | L14: =C14*$J14*$G$2 -> 29.956367 | N14: =I14 -> 15000.821 | O14: =SUM(K$2:K14)/$G$3 -> 0.0089556066 | P14: =SUM(L$2:L14)/$G$3 -> 0.008676271 | Q14: =O14*1000 -> 8.9556066 | R14: =P14*1000 -> 8.676271
A15: 0.18056506 | B15: 10.901372 | C15: 10.529861 | I15: =A15*86400 -> 15600.821 | J15: =I15-I14 -> 600.00019 | K15: =B15*$J15*$G$2 -> 30.741879 | L15: =C15*$J15*$G$2 -> 29.694218 | N15: =I15 -> 15600.821 | O15: =SUM(K$2:K15)/$G$3 -> 0.0092742248 | P15: =SUM(L$2:L15)/$G$3 -> 0.0089840309 | Q15: =O15*1000 -> 9.2742248 | R15: =P15*1000 -> 8.9840309
A16: 0.18750951 | B16: 10.822065 | C16: 10.494213 | I16: =A16*86400 -> 16200.822 | J16: =I16-I15 -> 600.00019 | K16: =B16*$J16*$G$2 -> 30.518233 | L16: =C16*$J16*$G$2 -> 29.593689 | N16: =I16 -> 16200.822 | O16: =SUM(K$2:K16)/$G$3 -> 0.0095905251 | P16: =SUM(L$2:L16)/$G$3 -> 0.009290749 | Q16: =O16*1000 -> 9.5905251 | R16: =P16*1000 -> 9.290749
... A1542: 10.781971 | B1542: 1.2813616 | C1542: 1.769581 | I1542: =A1542*86400 -> 931562.26 | J1542: =I1542-I1541 -> 361.44456 | K1542: =B1542*$J1542*$G$2 -> 2.1767635 | L1542: =C1542*$J1542*$G$2 -> 3.0061454 | N1542: =I1542 -> 931562.26 | O1542: =SUM(K$2:K1542)/$G$3 -> 0.18537574 | P1542: =SUM(L$2:L1542)/$G$3 -> 0.20136045 | Q1542: =O1542*1000 -> 185.37574 | R1542: =P1542*1000 -> 201.36045
K1543: =SUM(K2:K1542) -> 17885.979 | L1543: =SUM(L2:L1542) -> 19428.263

Sheet Cyclic voltammetry
A1: Ewe/V | B1: BA1_C | C1: Ewe/V | D1: BA2_C | E1: <--CV_beggining
A2: -0.60031295 | B2: -0.13857699 | C2: -0.59960634 | D2: -0.15139918
A3: -0.59990788 | B3: -0.12719623 | C3: -0.60034156 | D3: -0.1398877
A4: -0.59936106 | B4: -0.12161804 | C4: -0.59809238 | D4: -0.13321848
A5: -0.59891039 | B5: -0.11704438 | C5: -0.59809041 | D5: -0.12954214
A6: -0.59843624 | B6: -0.11320803 | C6: -0.59590948 | D6: -0.12605338
A7: -0.59783202 | B7: -0.10965161 | C7: -0.5967198 | D7: -0.12526547
A8: -0.59737122 | B8: -0.10824024 | C8: -0.59410703 | D8: -0.12329303
A9: -0.59694815 | B9: -0.10731199 | C9: -0.59421414 | D9: -0.12346962
A10: -0.5962525 | B10: -0.10599704 | C10: -0.59219331 | D10: -0.12015185
A11: -0.59594518 | B11: -0.10408322 | C11: -0.59190607 | D11: -0.11970758
A12: -0.59526974 | B12: -0.10334084 | C12: -0.58945638 | D12: -0.11777651
A13: -0.59484756 | B13: -0.10170884 | C13: -0.59009969 | D13: -0.11760269
... A2409: 0.55145073 | B2409: 14.392966 | C2409: -0.60108286 | D2409: -0.16555591
A2410: 0.55158806 | B2410: 14.378271
A2411: 0.55207956 | B2411: 14.39439
A2412: 0.55261511 | B2412: 14.393456
A2413: 0.55327028 | B2413: 14.387152
A2414: 0.55364221 | B2414: 14.366292
A2415: 0.55416507 | B2415: 14.388725
A2416: 0.55460072 | B2416: 14.379353
A2417: 0.55507982 | B2417: 14.379648
A2418: 0.55565226 | B2418: 14.376337
A2419: 0.55619943 | B2419: 14.355691
A2420: 0.55678666 | B2420: 14.369893
A2421: 0.55706966 | B2421: 14.360229
... A5002: -0.60079837 | B5002: -0.15400847
